{"0x3712303e9c3fccbd3e5e77227bbfb5ce7922ec99":16.82397697334573,"0xf00e99b94fdb8610ed57e0716fdc56916737b93c":31.72282055463231,"0x0764305ffba72942fdfedf7f54e25ba69ff5cda0":539.8412465054623,"0x9260c33228d888f7a9bb349c5e30a5a04c14b896":590.8988121588334}