{"0x0764305ffba72942fdfedf7f54e25ba69ff5cda0":187.2132742578078,"0x3712303e9c3fccbd3e5e77227bbfb5ce7922ec99":1.9050340524836882,"0x9260c33228d888f7a9bb349c5e30a5a04c14b896":590.8988121588334,"0xaccb610285b8bafc8f618874fa07fe5d1c586b00":50.8000508000762,"0xf00e99b94fdb8610ed57e0716fdc56916737b93c":31.72282055463231}