{"0x0299575c44e04f99a1f7d9fb0996097806cae709":23.904572186687872,"0x0300f2a4001b5cac1bf0c32acc2c61dd68982c41":0.20377612982982626,"0xe7bf6d776c831b58e849d3141aa5344b36181703":4899161223.303135,"0xa68a1e668ed90201831de1c5517bf3d950d2612d":2.0105703041543976,"0x34e961299eefb7fcd4cd5f44091aab0c5eb90f9f":1071.6831310235088,"0xf921715c7620be36fc6f3ca60e6a352d43917e1e":465.36120869752966,"0x2f52b1e8bcd2fbe1b862b3d543d385e12b479710":775.8184159947955,"0x7881322e4df6ab384b19c372e9b0521eccffc1b0":0,"0xdc7db71318ea3cfcfd7b2394e9d6ef4a85e1bb34":2,"0x4547347dd8da340d9ec10fdb4f77e401ef1dcb4d":498.87438529994927}