{"0x0299575c44e04f99a1f7d9fb0996097806cae709":23.904572186687872,"0x0300f2a4001b5cac1bf0c32acc2c61dd68982c41":0.20377612982982626,"0x34e961299eefb7fcd4cd5f44091aab0c5eb90f9f":317.03774349102036,"0xdc7db71318ea3cfcfd7b2394e9d6ef4a85e1bb34":2.0617598982353598,"0xf921715c7620be36fc6f3ca60e6a352d43917e1e":264.3099034001888,"0x5A3289ceCe2fFd2be1D4806e9ab3ddbaD0b05148":0,"0x2f52b1e8bcd2fbe1b862b3d543d385e12b479710":365.3750043056892,"0xa68a1e668ed90201831de1c5517bf3d950d2612d":2.3076104900515917,"0xd53281ec3192f4b3e4ed94c8576d217b22156ba9":56.091412309341514,"0x7881322e4df6ab384b19c372e9b0521eccffc1b0":0,"0xeb454a50cdd6273740e538a49f12d64c5ed1246e":0.049273539006006076,"0x9d84cc6225b696088fa4c924428bec2404887e74":6905.881590457585,"0xe7bf6d776c831b58e849d3141aa5344b36181703":1432614764.2874827,"0x863544dc84dbd07454e7df5b60ddb5ff440b7667":519073309.2825071}