{"0x7881322e4df6ab384b19c372e9b0521eccffc1b0":0,"0xf921715c7620be36fc6f3ca60e6a352d43917e1e":530.7428366240334,"0xdc7db71318ea3cfcfd7b2394e9d6ef4a85e1bb34":2,"0xa68a1e668ed90201831de1c5517bf3d950d2612d":1.9994022208175042}