{"0xe7bf6d776c831b58e849d3141aa5344b36181703":4899161223.303135,"0x0300f2a4001b5cac1bf0c32acc2c61dd68982c41":0.2573467227806918,"0xa68a1e668ed90201831de1c5517bf3d950d2612d":1.9994022208175037,"0xf921715c7620be36fc6f3ca60e6a352d43917e1e":530.7428366240334,"0x34e961299eefb7fcd4cd5f44091aab0c5eb90f9f":200,"0x7881322e4df6ab384b19c372e9b0521eccffc1b0":0,"0xdc7db71318ea3cfcfd7b2394e9d6ef4a85e1bb34":2}